id,name
4592895,wwylele
590576,ihaveamac
5377832,archshift
6956688,bunnei
341401,yuriks
605502,endrift
712067,lioncash
357072,Subv
952515,jroweboy
4840017,neobrain
8682882,MerryMage
21307832,zhaowenlan1779
26032316,B3n30
7755816,linkmauve
20753089,FearlessTobi
10980472,NarcolepticK
360330,JayFoxRox
5343818,shizzy1
28246325,BreadFish64
6829345,liushuyu
629437,mailwl
8130120,daniellimws
1224096,shinyquagsire23
8182590,purpasmart96
6024225,Lectem
2787141,degasus
8618754,LittleWhite-tb
1404334,j-selby
11153579,jbeich
7099702,polaris-
1388219,chinhodado
30696515,adityaruplaha
278907,chris062689
24275329,Schplee
272940,saphtea
1224547,BynariStar
10248424,anodium
17358613,Leo626
581494,fincs
6338016,smealum
101194,WinterMute
585494,yellows8
896483,mtheall
6437036,Aurelio92
7831477,profi200
1269164,Steveice10
2624830,plutooo
1311867,Arisotura
9411537,idunoe
54626,Megazig
4482745,thedax
13069468,javimadgit
1880105,minexew
10310955,suloku
1590486,Dazzozo
3746651,wchill
8599176,elhobbs
9320418,LunarCookies
781444,ichfly
1689097,173210
1806407,Sahnvour
1920204,m4b
118618,pchickey
4503403,sunfishcode
330342,philipc
17426603,bjorn3
1180019,bnjbvr
23638587,jyn514
156077,djg
5566895,abrachet
64996,alexcrichton
2072203,jfoote
33188680,Multimegamander
5547450,tjenssen
50137741,kahema
10196601,leena-miettinen
533425,frerich
5165379,ioriayane
19864488,AndyShawQt
8400779,podsvirov
812380,ossilator
2833802,b-s-a
1184320,ABBAPOH
1312511,jakepetroules
16323548,nathelbiya
1011437,magist3r
23210907,iieklund
963599,villevoutilainen
4262563,e4z9
1476301,gladhorn
83360,alekseysidorov
31125,aportale
657998,aholza
17437133,patsytau
903265,hermesonbarbosa
7092136,jeromepasion
1532657,MBach
1836590,scootergrisen
12559611,zack-snyder
3882842,stottle
8415796,denis-shienkov
734254,dvvrd
1075241,javierllorente
8685221,Rinkaa
6883726,hankstag
15571693,AuroraWright
1922548,TuxSH
2438555,Reisyukaku
13957993,duckbill007
16072534,LiquidFenrir
13298129,Nanquitas
3462541,Margen67
40216555,Hikari-chin
51038802,suppai
5520707,DarkMatterCore
1273787,Stary2001
8676005,SciresM
1542224,Qyriad
6822159,adibsurani
7904776,Hayleia
1155030,9ary
13433513,noirscape
42028641,tstambaugh92
7305572,astronautlevel2
7073910,ericchu94
11259227,gnmmarechal
6271991,joel16
554573,arbingordon
24732684,LegoFigure11
17801814,sora10pls
25619701,T3CHNOLOG1C
3035071,skywind3000
370207,ThisIsAreku
73935,putnam
7274704,dr1s
31358488,fuckermansayin
1364447,xendke
211316,drizzt
12523098,SysVoid
1345742,gocario
2224238,Relys
10324313,LITTOMA
883667,LuxSyphurithSIe
79097,CaitSith2
2461173,einstein95
8609078,sbJFn5r
7107338,luigoalma
2925767,jpmac26
4144256,RainThunder
1297077,Codeusa
2042341,psouza4
527850,madpew
29110153,SecretOnline
3248782,dmxt
10055601,chaoren
12564301,ElPumpo
22099595,Jasonoro
2322546,N00byEdge
6391930,Stack-of-Pancakes
3398021,mon
25134701,Execyute
16083665,Ptrk25
12467483,d0k3
4019718,Favna
64460395,3DSGuy
8314814,LyricLy
21188129,FrozenChen
35098300,redcubie
16979510,Plailect
1884580,Remnence
6140607,emeric254
85773,Jimmy-Z
1195681,connesc
5608157,kot2002
13871621,Ryuzaki-MrL
172610,soarqin
9139128,gamesquest1
26422113,turboclear
1246273,wjchen
1388267,handsomematt
7027737,kitlith
47262,d3m3vilurr
3634616,pixel-stuck
564191,Normmatt
1298105,ktemkin
6922432,trisz404
9433472,sersorrel
18068340,AileenLumina
208340,myfreeweb
24529112,moriczgergo
304472,nchowning
438813,terencehonles
1664385,eestrada
1245848,nmtadam
15330948,billziss-gh
120658,rianhunter
9357392,steinbeck65
51015,JohannesBuchner
1165066,nickcoutsos
15194386,lpzummer
10710869,rncry
2946283,NOTtheMessiah
5305824,ParksProjets
6911645,mattvail
1374024,kevinhartman
383999,Cruel
61218,xsacha
179760,darkf
1239111,rohit-n
4809758,Kingcom
3057954,Hydr8gon
5261759,Zangetsu38
7086342,chrisvj
2396805,vaguilar
126009,bentley
3321529,Apology11
7140499,Disruption
614548,Serentty
3392773,Antidote
7524066,Sethpaien
704768,zhuowei
197827,swarzesherz
1339276,mid-kid
11504628,motezazer
332294,faern
1618343,zserik
1687578,cyj0912
11663476,bobcao3
765600,jarush
765827,tallerthenyou
369699,Forst
886011,gabrielecirulli
26643468,tssmith7
449891,dregad
1621581,markhewett
1362681,patlachance
3502419,rpunt
4518410,clone1612
628197,tripplet
1162833,florianholzapfel
342095,CooperRS
8706522,AZLisme
1114404,flashspys
223439,tessus
4447490,John-Shaw
346211,yusf
3750657,joshsnelling
2150481,joaopaulog
1629619,puliaiev
7262,vlazar
1015922,imcaspar
1833766,nelk
2024256,vitu
20960561,hexkyz
40068778,Resaec
4209061,leoetlino
616626,misson20000
36446521,Kronos2308
549122,encounter
5160000,langerhans
1053087,desowin
17590282,Traiver
1731714,tslater2006
2765389,Adubbz
43305009,HylianMedia
15848969,ThatNerdyPikachu
8355305,leo60228
13520633,DavidBuchanan314
1760003,Thog
565558,TheDgtl
18002532,2g4y1
773529,ammaraskar
34973380,Benoit7413
15617441,BlockBuilder57
14020943,ckurtz22
24495110,CaptV0rt3x
25362478,Hexagon12
6260159,MelonSpeedruns
3380580,Sintendo
1930877,SonofUgly
768394,tolbon
1018829,Sonicadvance1
113063,shuffle2
130929,hrydgard
3766008,nakee
5009659,glennricster
207571,john-peterson
202798,delroth
8612259,skidau
1768214,jordan-woyak
683396,sorenjorvang
86614,Parlane
8348955,tbennun
7054407,LPFaint99
246676,mthuurne
6096778,Tinob
852738,omegadox
4546190,RachelBryk
7026757,magumagu
3690492,ayuanx
47517,comex
40890,magcius
977486,LM1234
123798,Tilka
1219870,sl1nk3
826052,BhaaLseN
8792404,pierrewillenbrock
685625,nodchip
5193758,tfarley
5266066,ShizZyy
7418176,shonumi
1031333,LightningTH
11915378,ChibiDenDen
4348610,saneki
5624669,gdkchan
4905390,AcK77
35856442,LDj3SNuD
5307160,emmauss
26564870,ReinUsesLisp
1518948,jduncanator
601603,Thealexbarney
33609333,greggameplayer
16206533,BaronKiko
24840279,HorrorTroll
1345036,Lordmau5
23052366,MS-DOS1999
7204422,Xpl0itR
6294155,riperiperi
1125884,jgoyvaerts
38231221,DatBoiJay3
15641825,GalladeGuy
30736337,MysticExile
22982090,Dudejoe870
41301312,AboodMadridista
9439243,AlexLavoie42
6461170,arthurchan35
87300,kentaromiura
10315088,Gummygamer
25727384,ogniK5377
2028870,CrossVR
5965536,aquynh
7685466,cseagle
117642,lunixbochs
1916566,JonathonReinhart
2153856,mothran
2498805,rhelmot
1152714,danghvu
8522003,sashs
1159138,stephengroat
8626578,adrianherrera
7826565,practicalswift
156560,williballenthin
7746376,farmdve
20709561,samothtronicien
3680388,enkomio
3338793,eqv
1920339,SeanHeelan
1017522,feliam
10352354,egberts
917142,radare
3105948,Spl3en
10834372,mrphrazer
5304779,mkravchik
4161016,xizhizhang
111640,zachriggle
13839030,cherepanov74
4161784,emdel
278226,gaffe23
7762949,horsicq
481142,petmac
775309,smspillaz
17095606,JamePeng
6119870,zawata
23333079,freiro
566580,jfmherokiller
96612,ObsidianX
567105,nstepien
75317,aeosynth
1155344,ahodesuka
1175752,ihavenoface
764128,woxxy
2215601,Proplex
6126426,ParrotParrot
5418300,pleebe
877480,saxamaphone69
134321,mgrabovsky
2163967,NoneGiven
1144203,desuwa
1281194,qqueue
613481,btmcsweeney
1788767,bui
6818943,warosu
765015,seaweedchan
858612,GXTX
5966650,AchtBit
1736009,Hupotronic
5968488,ManamiTamura
10489260,SolderedMushroom
819413,Shou
1456577,voh
438570,zixaphir
1563598,anounyym1
544658,ferongr
6833374,fgts
1811502,harava
2250252,nderscore
1740638,WulfyStylez
822006,pikhq
341397,hstefan
761314,lquatrin
931338,igaztanaga
5011768,jzmaddock
7543,danieljames
167192,mclow
1026160,jhellrung
3115501,jhunold
37486,steveire
1226951,awulkiew
7634270,ismirlian
989428,DougGregor
721225,viboes
829640,mikael-s-persson
384364,ThibG
11638236,ProjectRevoTPP
2229288,huderlem
17279765,camthesaxman
1654211,yenatch
2130732,poettering
290673,lathiat
115339,sebest
7747977,potmat
846561,qbast
1411824,gnozil
22603932,sjoerdsimons
1052406,tjyrinki
1758783,vuntz
1206564,yeager
253416,tedjp
74834,Flameeyes
314822,kelemeng
1826702,atriwidada
6060336,Joedalton2
722232,lnussel
3609611,mbiebl
7421941,sharuzzaman
1706450,zerng07
241046,ccouzens
88895,glezos
8588797,jbradsha
8578511,Aloriel
222942,Keruspe
139229,piotrdrag
710176,verement
6537978,catmidia
5117081,kader0100
126560,robert-ancell
17986,dafrito
410816,Patater
149999,yifanlu
7088579,LFsWang
560596,xerpi
899679,Slashmolder
67343,kinetiknz
270485,padenot
1420722,achronop
5111652,ChunMinChang
352842,haaspors
6968705,camlorn
594093,ligfx
17748215,ratchov
225102,rillian
3421760,landryb
3164348,zamaudio
719931,michaelwu
1104659,komh
1889115,marcofreda527
1940286,nnethercote
1021225,jesup
923956,i-rinat
212897,mdsitton
5309157,alastor0325
594179,ford-prefect
2519461,bechen
1237933,chengsun
629193,cpeterso
168508,ehsan
365690,Mischi
4453345,jwwang
41376520,jacekcw
7604664,github-cygwin
1216877,jjohnstn
31441682,nickclifton
13408495,yselkowitz
1072356,hjl-tools
42082,bonzini
32933908,ebblake
3497232,jon-turney
3605145,joshuadfranklin
4235983,rsandifo
42349,cagney
10537793,jsm28
932056,sebhub
183688,joelsherrill
16334725,gingold-adacore
176950,vapier
1663475,amylaar
530057,davek-cygwin
9370665,jakubjelinek
6357566,mshawcroft
34037634,geoffk02
11981700,brobecke
2175493,andreas-schwab
920298,pefoley2
7965297,jbglaw
89993,atgreen
327308,echristo
266146,jicama
16867,ajaeger
5542994,mosalter
138484,phire
7761472,FioraAeterna
6716818,JosJuice
81353,Zopieux
6872462,melonmanchan
6785841,Helios747
1330770,Stevoisiak
2733986,workhorsy
33310391,pringo
173311,mikeryan
1894642,gheja
108736,kmeisthax
1500466,superjamie
4925235,mickbeaver
2528778,rbino
8976613,bsdjhb
4139006,bsdimp
567236,bsdphk
342419,DarkHelmet433
186862,rwatson
5219480,amotin
2607252,kostikbel
4972155,dag-erling
1045626,delphij
6475681,sleffler
6034387,glebius
1574099,ngie-eign
26117443,sparcplug
9060368,DimitryAndric
1238567,trasz
2705287,cbrueffer
1034582,emaste
1541461,hselasky
12435402,gwollman
6485757,bmah888
736085,EdSchouten
1398793,kientzle
1071564,juikim
33693,bdrewery
103607,bapt
176472,thompsa
10236985,pgiffuni
1426851,jillest
72266,zxombie
7503106,nwhitehorn
3964507,Catarax
69308,Domon
1058735,cmastudios
12863401,tzlion
395535,btuduri
2865,richq
5268928,ilovezfs
3566,adamv
568243,jacknagel
125011,MikeMcQuaid
6998367,DomT4
11281814,brettkoonce
1446897,vszakats
1334295,bfontaine
150547,nijikon
780485,mistydemeo
3105373,xu-cheng
985416,dunn
65736,tschoonj
4149852,zmwangx
5984479,neutric
58962,mxcl
54181,Sharpie
1980544,fxcoudert
173889,tdsmith
24201,0xffea
16507,afh
2618447,apjanke
725299,samueljohn
1787524,Noctem
760071,asaph
1908898,dstftw
18537310,JCount
772,alex
6257454,Jerzerak
33870508,MindTooth
803398,toshimaru
1336965,torbjoernk
6534419,kitlawes
295571,antgel
505536,jackoalan
8152480,derselbst
8558374,Zero-One101
9121775,joelc608
47096930,TTTechnoPro
3903683,james-d-elliott
6393368,kwsch
382872,ooPo
4868132,nicoelayda
3914859,igoticecream
205276,rajkosto
53929,atsushieno
95998,skolima
16360444,hax0kartik
4238216,ksanislo
31916379,Oreo639
8870156,FenrirWolf
1440715,spycrab
11288319,stenzek
350715,alankila
1731197,FernandoS27
550290,janisozaur
16232127,lynn
7927055,VPeruS
6632271,VelocityRa
18178821,meme
15486,www
48661580,metarin
955414,LordNed
5378554,ryanmkurtz
48328597,dragonmacher
48333017,ghidra1
48068198,caheckman
48966617,ghidravore
48332326,dev747368
47253321,emteere
49028988,GhidorahRex
48288034,adamopolous
46821332,nsadeveloper789
50744617,ghizard
22204578,mumbel
49045138,ghidracadabra
4257079,kant2002
411296,zeldin
7758500,VGKintsugi
5968641,GregoryMorse
703785,marpie
845744,philpem
16713498,xiaoyinl
19388242,Escapingbug
92071,neutralinsomniac
48492611,ghidra007
7401129,pmnxis
697621,andyhhp
1280725,ctubbsii
6257627,mh-
11365978,Piruzzolo
105223,tomnelson
18449815,bon96
24523422,Cuyler36
1069318,roblabla
5159436,jakibaki
16964276,Selver-gba
3916133,GEMISIS
4977063,ChlorideCull
1002756,titegtnodI
4176520,CalebDW
3758364,carlosliam
85965,lukas2511
6418965,nop90
1284939,Armax
22548280,ahoischen
1222964,Xtansia
2762672,smartperson
1672461,scottamain
869684,romainguy
102276,j9brown
1240896,pixelflinger
67700,dsandler
32717779,sganov
73637,mikeandroid
113393,jsharkey
1664195,ddougherty
50407,kruton
6474320,isheriff
17732792,chethaase
12309348,jmtrivi
3904141,robertly
20085789,satok16
4924268,labtopia
440407,mikejurka
48169102,marcone
53129816,enh-google
6145438,jreck
2621,bradfitz
384439,ChrisCraik
13983895,LeonScroggins
8175924,fredquintana
17790020,stephenhines
48367170,vnorigoog
12467745,wangying1015
24510873,nickkral
404496,cwren
175575,jackpal
1060119,gruehle
1148713,jasonsanjose
1197144,redmunds
1542488,RaymondLim
1514099,JeffryBooher
3752015,bchintx
86214,ingorichter
1197510,peterflynn
908679,joelrbrandt
697759,njx
1378718,pritambaral
1184639,tvoliter
1827730,fungl164
461109,markshepherd
28915,timburgess
55970,dangoor
887904,couzteau
155808,btjones
1564859,DennisKehrig
1584287,pthiess
2711709,radorodopski
458642,chrisbank
2668288,eyelash
842798,jsoverson
1774931,lkcampbell
40670,silasb
351783,alexzielenski
464582,clintberry
287917,eugeneo
1075154,iwehrman
15881273,jccp243
513539,Kierkegaard
509083,Chasterx
18056032,MeisterLone
29167336,vitor-k
11239786,khang06
104132,stschake
368545,mbabker
33978,elkuku
700871,eddieajau
698255,LouisLandry
718028,dongilbert
1375475,javigomez
176534,ianmacl
186670,CraigsOverItAll
331352,klas
935683,lahmizzar
612953,piotr-cz
628508,realityking
163200,pasamio
637004,stefanneculai
1018684,Bakual
633973,mattgodbolt
5364255,RabsRincon
442630,partouf
18627131,cppchedy
297079,jaredwy
10983051,JohanEngelen
25457511,dbroemmel
3604786,Ethiraric
60298436,ubsan
3153547,jsheard
1566016,wanders
1816500,windelbouwman
87603,dkm
397929,ibuclaw
4733883,jaredadobe
8723220,Som1Lse
4605603,tiehuis
1271354,auselen
8378860,andrew-gresyk
1856614,TartanLlama
230408,ned14
1409019,cor3ntin
774286,mgehre
9465511,rayhamel
8546935,shubhdev
9504279,ethanhs
59193,filcab
19642328,honggyukim
4925798,Noviv
705207,g-oikonomou
593333,malvira
589970,adamdunkels
591107,nvt
1425999,simonduq
2664009,oliverschmidt
632710,alignan
605024,nfi
591714,dak664
5755442,bthebaudeau
1416326,ejoerns
599447,joakimeriksson
608601,fros4943
664090,mkovatsc
1307004,kkrentz
1230923,yatch
2370091,cmorty
204930,jimparis
3338530,laurentderu
3797089,atiselsts
13138877,mdlemay
1759864,herjulf
623243,enricmcalvo
686678,darconeous
470143,mmuman
882998,aguedes
12033742,thomas-ha
18306387,mgrella
873684,JelmerT
251467,errordeveloper
2642209,stephentoub
8918108,ericstj
9011267,dotnet-bot
9010698,weshaggard
8918977,mellinoe
1253369,JonHanna
1275900,hughbe
10642668,bartonjs
29409908,dotnet-maestro-bot
7853870,Priya91
13854455,joperezr
2606879,ianhays
7684835,davidsh
9602953,ellismg
6668460,jkotas
660048,krwq
6385855,danmosemsft
8218165,VSadov
75470,nguerrera
10833894,tarekgh
8184940,JeremyKuhne
710598,justinvp
22899328,safern
7412651,ViktorHofer
7324746,bartdesmet
10092143,chcosta
8725170,mmitche
12262109,shmao
14284039,sepidehkh
8291187,eerhardt
11031650,gdr-at-ms
1525116,tkruse
1801526,hsutter
10933044,BjarneStroustrup
9937771,AndrewPardoe
9330739,cubbimew
1254480,jwakely
2275240,mpark
12462303,tituswinters
12496525,sevmeyer
14928543,Eliyahu-Ravuna
540554,david-mitchell
6290785,RicoAntonioFelix
772491,ZachHenkel
25535571,jacobl-at-ms
21071787,johelegp
12843204,Alexolut
1337204,k-satoda
6809385,trebconnell
1592734,ulilaube
199499,vendethiel
2108202,scraimer
2175565,tlanc007
1382586,anthonywilliams
4624768,fkaelberer
301788,pepsiman
1833563,Marat-Tanalin
1193082,AlexeyDmitriev
39654,dacap
2159447,dkorolev
5642329,gudenau
1102695,krofna
1302758,exjam
1621627,brett19
6619925,achurch
10852324,Kinnay
229557,M24o
1086545,lhartikk
3534883,vasiliybondarenko
696438,22222
5451603,cdagraca
4533896,FracturedRetina
819571,kylestev
6393711,LoadingPleaseWait
315403,DrDub
182194,zsiciarz
5623501,xbony2
3817935,deiphiz
5893207,johnrowe
1679846,adelikat
102701,zeromus
1824709,nattthebear
18286462,alyosha-tas
7092625,vadosnaprimer
7911038,Asnivor
10532511,micro500
2202546,SaxxonPike
542245,BrandonE
13409956,YoshiRulz
6741660,jdpurcell
21364118,taotao54321
13319409,SuuperW
10700427,Scepheo
4374227,Hathor86
14317892,KyleThomson
3401359,kylelyk
10942815,scrimpeh
1644150,upthorn
29321850,Trivial-Man
3828664,solarplex
6367891,Isotarge
1185434,Tastyfish
3497703,AdamSturge
13247861,pgrimsrud
8139496,Meerkov
1254246,adituv
15069160,Ashafix
1350664,Sappharad
26847983,atshane253
3847514,danhogue
1513168,amcnabb
2302263,robhobbes
5070148,yhack
112170,jaredly
4357973,TomOne
1271146,gep13
1702193,Redsandro
63502,ferventcoder
6642109,matbech
193426,Ferk
159951,alanstevens
3309431,dtgm
9389452,RyanCarrier
1168881,achalddave
2448303,pocki
1577094,jberezanski
655165,mwrock
36692,yoshimov
88762,ramarnat
13039555,CodingKoopa
8108849,RoadrunnerWMC
25037295,Pythonic-Rainbow
10808592,danimtb
4870173,uilianries
4138939,madebr
3807515,lasote
1926390,ericLemanissier
870236,SSE4
481351,theirix
1406456,jgsogo
15652306,theodelrieu
1593194,Croydon
5045666,czoido
57375845,ericriff
30052553,SpaceIm
12529837,intelligide
2794977,Hopobcn
3756334,yssource
17080205,Minimonium
6616713,hrantzsch
395096,prsolucoes
13623481,bmanga
29489988,LunarWatcher
1494258,flexferrum
2600682,flostellbrink
2847470,paulbendixen
1900543,abbyssoul
1173374,dheater
1164683,Morwenn
2998253,grafikrobot
1331762,gocarlos
7365864,rvarago
7331086,pdhhammond
21154,Nayan
6258675,awesh
4125030,avikganguly01
542697,vishwasbabu
12003069,Bleizo
6820874,Rozelette
3021446,CarlKenner
6412444,Agorath
6381451,takhlaq
4239808,ttay24
3000282,raven02
91261,rossp
592595,kotowicz
25649,ivgiuliani
766808,Lacrymology
1264077,yekibud
380881,maccesch
474302,bclermont
1025638,ochagnon
1585933,darrellenns
120229,joshuajonah
218105,brente
255078,digitalpbk
1872171,satyans24
1339,issackelly
1395327,xmacaba
70064,bartekgorny
1697,thauber
568181,llazzaro
125902,yml
56973,winhamwr
33059,RockHoward
1364479,GeyseR
321438,smcoll
94636,jpic
4229,zain
512416,PxlBuzzard
1157401,paolodina
61438,skyl
78690,akurdyukov
330847,thomasf
24926584,literalmente-game
1456849,lsalzman
1083215,cxong
5061352,stephanecharette
962989,pajlada
2141330,slaren
1043828,trew
4112189,WodeCraft
4831577,Warepire
1131294,keithwoodlock
1265866,johnw65
4900563,pramodn02
3381118,ashok-conflux
13728454,nazeer1100126
3582507,rajuan
1306008,madhukar547
4463683,mifoscontributer
7772768,chandrikamohith
4115587,goutham-M
298598,vorburger
1262799,mdudzinski
6262412,Vishwa1311
10805965,sachinkulkarni12
2353602,pritibiyani
5655438,andrew-dzak
1763885,mnafees
3908728,sheyden
1552748,apremalal
5940738,emmanuelnnaa
9151325,MithunKashyap
3321380,alexivanov
2042566,khushaloza
927712,binnygopinath
3489437,sughosh88
1834098,mgeiss
1386740,rishy
3196570,AJLiu
23374,bos
576355,basvandijk
98839,lpsmith
10210727,fisx
147966,jsgf
224829,meiersi
1336440,Daniel-Diaz
710906,roelvandijk
722409,EduardSergeev
170192,jhance
107968,k-bx
69844,nbogie
51087,phadej
2364661,RyanGlScott
294349,Tarrasch
622156,benweitzman
7033452,cgibbard
1572323,lambda-fairy
128969,cgaebel
875324,dmjio
1125849,gbaz
285533,hvr
34627160,hvriedel
297823,nurpax
17277,tibbe
4550,mike-burns
47439,23Skidoo
1560937,nikita-volkov
44237,pheaver
2114019,RickyCook
10163038,DiscostewSM
7828741,pressy4pie
15377600,WoniMK7
45120617,tt4g
6172295,a4z
16867443,prince-chrismc
25963696,casabre
29380294,mjvk
972880,GavinNL
7606374,mmha
32050041,bincrafters-user
2886436,ThePhD
9372582,kuzminrobin
762705,jefftrull
398194,brycelelbach
764107,elsid
60743653,thetarkus
1970915,EliotBerriot
9835153,tnyeanderson
6890834,n1zzo
12972568,SolidHal
47226753,Annomatg
19514810,Phanto-m
1812087,huwpascoe
1419976,amutake
10144,simonmichael
21,technoweenie
38,atmos
3,pjhyett
404,rtomayko
16988,runesoerensen
2,defunkt
2567,tmm1
2501,kdaigle
706,tekkub
867780,johnhaley81
72198,kronn
5936187,SkyDeskProjects
77,benburkert
24972,AI0867
652130,reiz
8577,dscape
271622,lloydwatkin
55692,JonnyFunFun
11643,brycemcd
610800,jansiwy
994907,awsmsrc
2446432,scottrich
428243,aitorciki
22759530,MainframeEnzo
470,eric
3853,justinabrahms
15653,modsaid
83361,euroelessar
86790,adelevie
45445,caldwell
1700098,apolukhin
5683852,garbageslam
2694027,zmij
10379705,abutcher-gh
2743474,Kojoley
41271510,ofats
3905501,bryant1410
1700799,machinamentum
179923,kemenaran
5082806,dennisjenkins75
859699,oktal
2997783,knowledge4igor
6262804,arthurafarias
31021769,iroddis
1149225,kiplingw
47596867,mohsenomidi
1781642,hydratim
7295029,ciody
6639528,Fylax
12842634,JenniferBuehler
42869134,hasankandemir1993
6443081,SnoozeTime
583663,jpihl
9614311,bdvd
18310463,kuzkry
9843181,muttleyxd
12637074,yisaj
704619,dgreatwood
7473960,adamburgess
5361181,cyremur
29374821,lcinacio
31005609,AdrianCX
9785864,lillypad
5516919,milipili
21269202,dmorton-spirent
6032832,Ne02ptzero
10248953,Martchus
774118,FlYnN91
1006963,danielmoraes
191233,unknownbrackets
2177532,sum2012
890876,Ced2911
3243757,oioitff
3080636,shenweip
2817631,Xele02
50554883,tmaul
5306849,kaienfr
4208406,mgaver
4582691,danyalzia
4389156,makotech222
300430,Orphis
365198,daniel-dressler
2836720,jacky400
1694861,bollu
3848265,aquanull
2052578,mikusp
3787188,ufdada
1033475,PeterTh
1330051,artart78
3011445,KentuckyCompass
465677,Bigpet
1138235,pal1000
55764,booto
1450918,Screwtapello
6557263,hanickadot
31285459,0xdead4ead
84045,leni536
2286246,Cqoicebordel
2107894,byuu
12450280,Kawa-oneechan
1628879,baraclese
55938119,zgoldstein420
1665903,realnc
6131832,shawnanastasio
3630552,PeterLemon
565430,makigumo
1867189,John-Colvin
47980,manphiz
1686759,chrmoritz
4744941,jasontedor
251435,lembacon
6285994,billybones256
1610,jezdez
95125,sigerello
11892150,UniqMartin
3248,zimbatm
238853,gmacon
107380,ilikepi
191754,alanorth
194563,lotia
3056447,booc0mtaco
190005,arnested
2619840,cscetbon
1573717,danielmartin
515193,astiob
7692962,FenrisulfrX
483849,Lymia
2023894,cwolfe134
1326445,KnightMustard
789308,JustAPerson
5680550,habbbe
14854557,mariogamer2
18496868,Dragios
5064800,DarkLordZach
8339445,N00byKing
9125153,hamish-milne
